{
  "project_info": {
    "project_number": "42283665069",
    "firebase_url": "https://tokopari-493b8-default-rtdb.firebaseio.com",
    "project_id": "tokopari-493b8",
    "storage_bucket": "tokopari-493b8.firebasestorage.app"
  },
  "client": [
    {
      "client_info": {
        "mobilesdk_app_id": "1:42283665069:android:b249d8a2cfee15a5d76824",
        "android_client_info": {
          "package_name": "com.example.tokopari"
        }
      },
      "oauth_client": [],
      "api_key": [
        {
          "current_key": "AIzaSyBSGIHMUU1QPyBGco35Hh5dc_Hka8j5mf4"
        }
      ],
      "services": {
        "appinvite_service": {
          "other_platform_oauth_client": []
        }
      }
    }
  ],
  "configuration_version": "1"
}